{
    "user": "Zeex",
    "repo": "samp-plugin-crashdetect",
    "include_path": "include",
    "resources": [
        {
            "name": "^crashdetect-(.*)-linux.tar.gz$",
            "platform": "linux",
            "archive": true,
            "includes": ["crashdetect-(.*)-linux"],
            "plugins": ["crashdetect-(.*)-linux/crashdetect.so"]
        },
        {
            "name": "^crashdetect-(.*)-win32.zip$",
            "platform": "windows",
            "archive": true,
            "includes": ["crashdetect-(.*)-win32"],
            "plugins": ["crashdetect-(.*)-win32/crashdetect.dll"]
        }
    ],
    "runtime": {
        "plugins": ["Zeex/samp-plugin-crashdetect"]
    }
}
